order_id,receipt_number,order_datetime,order_date,order_time,day_of_week,staff_member,payment_method,order_type,status,total_amount,total_cost,gross_profit
1,R000001,2024-09-29 08:14:00,2024-09-29,08:14:00,Sunday,Tom,Cash,Takeaway,Completed,58.29,38.86,19.43
2,R000002,2024-09-29 08:59:00,2024-09-29,08:59:00,Sunday,Lisa,Cash,Dine In,Completed,9.0,1.2,7.8
3,R000003,2024-09-29 09:08:00,2024-09-29,09:08:00,Sunday,Emma,Card,Dine In,Completed,15.57,10.38,5.19
4,R000004,2024-09-29 11:25:00,2024-09-29,11:25:00,Sunday,Lisa,Card,Takeaway,Completed,30.45,20.3,10.15
5,R000005,2024-09-29 12:08:00,2024-09-29,12:08:00,Sunday,Lisa,Card,Dine In,Completed,34.0,25.19,8.81
6,R000006,2024-09-29 14:48:00,2024-09-29,14:48:00,Sunday,Mike,Card,Dine In,Completed,59.47,39.65,19.82
7,R000007,2024-09-29 15:59:00,2024-09-29,15:59:00,Sunday,Emma,Card,Dine In,Completed,3.5,0.25,3.25
8,R000008,2024-09-30 07:13:00,2024-09-30,07:13:00,Monday,Emma,Cash,Dine In,Completed,73.82,49.21,24.61
9,R000009,2024-09-30 08:27:00,2024-09-30,08:27:00,Monday,Emma,Card,Dine In,Completed,16.5,11.73,4.77
10,R000010,2024-09-30 09:27:00,2024-09-30,09:27:00,Monday,Lisa,Mobile,Dine In,Completed,9.5,1.38,8.12
11,R000011,2024-09-30 10:21:00,2024-09-30,10:21:00,Monday,Tom,Card,Takeaway,Completed,18.0,1.97,16.03
12,R000012,2024-09-30 11:26:00,2024-09-30,11:26:00,Monday,Emma,Cash,Dine In,Completed,23.5,21.6,1.9
13,R000013,2024-09-30 11:47:00,2024-09-30,11:47:00,Monday,Lisa,Card,Dine In,Completed,92.66,61.77,30.89
14,R000014,2024-09-30 12:11:00,2024-09-30,12:11:00,Monday,Mike,Card,Takeaway,Completed,34.53,23.02,11.51
15,R000015,2024-09-30 13:25:00,2024-09-30,13:25:00,Monday,Tom,Card,Dine In,Completed,16.86,11.24,5.62
16,R000016,2024-09-30 14:04:00,2024-09-30,14:04:00,Monday,Mike,Card,Dine In,Completed,62.34,41.56,20.78
17,R000017,2024-09-30 14:09:00,2024-09-30,14:09:00,Monday,Tom,Card,Dine In,Completed,77.4,51.6,25.8
18,R000018,2024-09-30 15:22:00,2024-09-30,15:22:00,Monday,Lisa,Mobile,Dine In,Completed,22.0,12.81,9.19
19,R000019,2024-10-01 08:11:00,2024-10-01,08:11:00,Tuesday,Sarah,Cash,Dine In,Completed,16.86,11.24,5.62
20,R000020,2024-10-01 09:42:00,2024-10-01,09:42:00,Tuesday,Tom,Card,Takeaway,Completed,45.5,17.44,28.06
21,R000021,2024-10-01 10:21:00,2024-10-01,10:21:00,Tuesday,Mike,Card,Takeaway,Completed,31.9,21.27,10.63
22,R000022,2024-10-01 10:55:00,2024-10-01,10:55:00,Tuesday,Lisa,Card,Dine In,Completed,60.02,40.01,20.01
23,R000023,2024-10-01 11:08:00,2024-10-01,11:08:00,Tuesday,Tom,Cash,Dine In,Completed,58.66,39.11,19.55
24,R000024,2024-10-01 11:10:00,2024-10-01,11:10:00,Tuesday,Sarah,Card,Dine In,Completed,16.24,10.83,5.41
25,R000025,2024-10-01 11:43:00,2024-10-01,11:43:00,Tuesday,Sarah,Card,Takeaway,Completed,18.5,11.62,6.88
26,R000026,2024-10-01 11:56:00,2024-10-01,11:56:00,Tuesday,Emma,Card,Dine In,Completed,18.5,6.72,11.78
27,R000027,2024-10-01 12:52:00,2024-10-01,12:52:00,Tuesday,Emma,Card,Dine In,Completed,4.5,0.93,3.57
28,R000028,2024-10-01 14:44:00,2024-10-01,14:44:00,Tuesday,Mike,Card,Dine In,Completed,14.0,1.72,12.28
29,R000029,2024-10-01 15:07:00,2024-10-01,15:07:00,Tuesday,Tom,Card,Dine In,Completed,5.0,0.95,4.05
30,R000030,2024-10-01 15:34:00,2024-10-01,15:34:00,Tuesday,Tom,Mobile,Takeaway,Completed,13.5,11.52,1.98
31,R000031,2024-10-02 08:13:00,2024-10-02,08:13:00,Wednesday,Emma,Card,Dine In,Completed,17.5,4.58,12.92
32,R000032,2024-10-02 08:27:00,2024-10-02,08:27:00,Wednesday,Tom,Card,Takeaway,Completed,27.0,9.16,17.84
33,R000033,2024-10-02 09:22:00,2024-10-02,09:22:00,Wednesday,Tom,Card,Dine In,Completed,30.84,20.56,10.28
34,R000034,2024-10-02 09:35:00,2024-10-02,09:35:00,Wednesday,Sarah,Card,Takeaway,Completed,17.0,4.54,12.46
35,R000035,2024-10-02 09:36:00,2024-10-02,09:36:00,Wednesday,Emma,Mobile,Dine In,Completed,27.0,14.0,13.0
36,R000036,2024-10-02 10:41:00,2024-10-02,10:41:00,Wednesday,Lisa,Card,Dine In,Completed,72.46,48.31,24.15
37,R000037,2024-10-02 12:09:00,2024-10-02,12:09:00,Wednesday,Emma,Card,Takeaway,Completed,16.0,12.19,3.81
38,R000038,2024-10-02 13:10:00,2024-10-02,13:10:00,Wednesday,Lisa,Card,Takeaway,Completed,9.0,2.05,6.95
39,R000039,2024-10-02 13:14:00,2024-10-02,13:14:00,Wednesday,Sarah,Card,Takeaway,Completed,14.0,5.79,8.21
40,R000040,2024-10-02 13:18:00,2024-10-02,13:18:00,Wednesday,Mike,Cash,Dine In,Completed,19.5,7.15,12.35
41,R000041,2024-10-02 13:25:00,2024-10-02,13:25:00,Wednesday,Tom,Card,Takeaway,Completed,5.0,1.62,3.38
42,R000042,2024-10-02 14:13:00,2024-10-02,14:13:00,Wednesday,Sarah,Card,Dine In,Completed,17.5,1.97,15.53
43,R000043,2024-10-02 14:16:00,2024-10-02,14:16:00,Wednesday,Tom,Card,Takeaway,Completed,58.12,38.75,19.37
44,R000044,2024-10-02 14:19:00,2024-10-02,14:19:00,Wednesday,Mike,Card,Dine In,Completed,8.0,1.18,6.82
45,R000045,2024-10-02 14:36:00,2024-10-02,14:36:00,Wednesday,Mike,Card,Takeaway,Completed,9.0,1.33,7.67
46,R000046,2024-10-03 08:10:00,2024-10-03,08:10:00,Thursday,Sarah,Card,Takeaway,Completed,16.5,11.51,4.99
47,R000047,2024-10-03 08:24:00,2024-10-03,08:24:00,Thursday,Mike,Card,Takeaway,Completed,75.12,50.08,25.04
48,R000048,2024-10-03 09:35:00,2024-10-03,09:35:00,Thursday,Lisa,Card,Dine In,Completed,5.0,1.62,3.38
49,R000049,2024-10-03 09:56:00,2024-10-03,09:56:00,Thursday,Mike,Mobile,Dine In,Completed,28.0,25.25,2.75
50,R000050,2024-10-03 10:17:00,2024-10-03,10:17:00,Thursday,Tom,Card,Takeaway,Completed,65.62,43.75,21.87
51,R000051,2024-10-03 10:53:00,2024-10-03,10:53:00,Thursday,Tom,Card,Dine In,Completed,15.57,10.38,5.19
52,R000052,2024-10-03 14:52:00,2024-10-03,14:52:00,Thursday,Tom,Cash,Takeaway,Completed,21.5,4.33,17.17
53,R000053,2024-10-04 08:47:00,2024-10-04,08:47:00,Friday,Tom,Cash,Takeaway,Completed,14.5,5.53,8.97
54,R000054,2024-10-04 09:24:00,2024-10-04,09:24:00,Friday,Lisa,Card,Dine In,Completed,16.0,12.19,3.81
55,R000055,2024-10-04 10:49:00,2024-10-04,10:49:00,Friday,Emma,Card,Takeaway,Completed,4.5,0.71,3.79
56,R000056,2024-10-04 11:16:00,2024-10-04,11:16:00,Friday,Sarah,Card,Dine In,Completed,9.0,0.7,8.3
57,R000057,2024-10-04 12:21:00,2024-10-04,12:21:00,Friday,Tom,Card,Takeaway,Completed,23.0,14.87,8.13
58,R000058,2024-10-04 13:44:00,2024-10-04,13:44:00,Friday,Mike,Mobile,Takeaway,Completed,14.0,11.49,2.51
59,R000059,2024-10-05 08:02:00,2024-10-05,08:02:00,Saturday,Tom,Cash,Dine In,Completed,47.32,31.55,15.77
60,R000060,2024-10-05 08:28:00,2024-10-05,08:28:00,Saturday,Mike,Card,Dine In,Completed,83.9,55.93,27.97
61,R000061,2024-10-05 08:44:00,2024-10-05,08:44:00,Saturday,Mike,Card,Takeaway,Completed,40.0,28.64,11.36
62,R000062,2024-10-05 08:46:00,2024-10-05,08:46:00,Saturday,Tom,Mobile,Dine In,Completed,3.5,0.25,3.25
63,R000063,2024-10-05 08:48:00,2024-10-05,08:48:00,Saturday,Lisa,Card,Dine In,Completed,5.0,1.62,3.38
64,R000064,2024-10-05 09:03:00,2024-10-05,09:03:00,Saturday,Mike,Card,Dine In,Completed,15.52,10.35,5.17
65,R000065,2024-10-05 09:45:00,2024-10-05,09:45:00,Saturday,Mike,Card,Dine In,Completed,8.0,1.44,6.56
66,R000066,2024-10-05 09:47:00,2024-10-05,09:47:00,Saturday,Tom,Card,Dine In,Completed,21.0,4.74,16.26
67,R000067,2024-10-05 10:16:00,2024-10-05,10:16:00,Saturday,Mike,Mobile,Dine In,Completed,9.5,1.81,7.69
68,R000068,2024-10-05 10:50:00,2024-10-05,10:50:00,Saturday,Mike,Mobile,Dine In,Completed,14.5,11.49,3.01
69,R000069,2024-10-05 11:25:00,2024-10-05,11:25:00,Saturday,Tom,Cash,Takeaway,Completed,12.5,11.62,0.88
70,R000070,2024-10-05 12:24:00,2024-10-05,12:24:00,Saturday,Tom,Card,Dine In,Completed,23.0,14.87,8.13
71,R000071,2024-10-05 12:25:00,2024-10-05,12:25:00,Saturday,Sarah,Cash,Dine In,Completed,103.84,69.23,34.61
72,R000072,2024-10-05 12:42:00,2024-10-05,12:42:00,Saturday,Lisa,Card,Dine In,Completed,9.5,5.08,4.42
73,R000073,2024-10-05 13:24:00,2024-10-05,13:24:00,Saturday,Lisa,Card,Dine In,Completed,9.5,5.08,4.42
74,R000074,2024-10-06 07:45:00,2024-10-06,07:45:00,Sunday,Mike,Card,Dine In,Completed,30.42,20.28,10.14
75,R000075,2024-10-06 08:01:00,2024-10-06,08:01:00,Sunday,Lisa,Cash,Takeaway,Completed,37.94,25.29,12.65
76,R000076,2024-10-06 08:01:00,2024-10-06,08:01:00,Sunday,Mike,Cash,Takeaway,Completed,67.56,45.04,22.52
77,R000077,2024-10-06 08:58:00,2024-10-06,08:58:00,Sunday,Sarah,Card,Dine In,Completed,14.85,9.9,4.95
78,R000078,2024-10-06 09:10:00,2024-10-06,09:10:00,Sunday,Tom,Cash,Takeaway,Completed,14.5,11.49,3.01
79,R000079,2024-10-06 09:19:00,2024-10-06,09:19:00,Sunday,Tom,Card,Takeaway,Completed,3.5,0.25,3.25
80,R000080,2024-10-06 10:01:00,2024-10-06,10:01:00,Sunday,Tom,Card,Dine In,Completed,31.71,21.14,10.57
81,R000081,2024-10-06 10:17:00,2024-10-06,10:17:00,Sunday,Lisa,Card,Takeaway,Completed,80.67,53.78,26.89
82,R000082,2024-10-06 11:49:00,2024-10-06,11:49:00,Sunday,Sarah,Card,Takeaway,Completed,17.5,5.25,12.25
83,R000083,2024-10-06 12:41:00,2024-10-06,12:41:00,Sunday,Lisa,Card,Dine In,Completed,4.5,0.91,3.59
84,R000084,2024-10-06 13:05:00,2024-10-06,13:05:00,Sunday,Lisa,Card,Dine In,Completed,32.54,21.69,10.85
85,R000085,2024-10-06 14:05:00,2024-10-06,14:05:00,Sunday,Sarah,Card,Takeaway,Completed,4.0,0.25,3.75
86,R000086,2024-10-06 14:07:00,2024-10-06,14:07:00,Sunday,Sarah,Card,Takeaway,Completed,9.0,1.87,7.13
87,R000087,2024-10-06 14:50:00,2024-10-06,14:50:00,Sunday,Sarah,Card,Dine In,Completed,64.98,43.32,21.66
88,R000088,2024-10-06 14:51:00,2024-10-06,14:51:00,Sunday,Sarah,Card,Takeaway,Completed,14.0,5.94,8.06
89,R000089,2024-10-06 15:39:00,2024-10-06,15:39:00,Sunday,Tom,Card,Takeaway,Completed,5.0,0.95,4.05
90,R000090,2024-10-07 07:03:00,2024-10-07,07:03:00,Monday,Emma,Card,Takeaway,Completed,31.66,21.11,10.55
91,R000091,2024-10-07 07:14:00,2024-10-07,07:14:00,Monday,Emma,Card,Takeaway,Completed,16.86,11.24,5.62
92,R000092,2024-10-07 08:37:00,2024-10-07,08:37:00,Monday,Sarah,Card,Takeaway,Completed,16.86,11.24,5.62
93,R000093,2024-10-07 08:48:00,2024-10-07,08:48:00,Monday,Emma,Card,Dine In,Completed,43.9,29.27,14.63
94,R000094,2024-10-07 08:58:00,2024-10-07,08:58:00,Monday,Emma,Card,Dine In,Completed,18.0,16.45,1.55
95,R000095,2024-10-07 09:08:00,2024-10-07,09:08:00,Monday,Sarah,Mobile,Takeaway,Completed,19.0,10.15,8.85
96,R000096,2024-10-07 09:13:00,2024-10-07,09:13:00,Monday,Emma,Card,Takeaway,Completed,29.06,19.37,9.69
97,R000097,2024-10-07 09:13:00,2024-10-07,09:13:00,Monday,Lisa,Card,Dine In,Completed,59.37,39.58,19.79
98,R000098,2024-10-07 09:15:00,2024-10-07,09:15:00,Monday,Mike,Mobile,Dine In,Completed,30.32,20.21,10.11
99,R000099,2024-10-07 09:42:00,2024-10-07,09:42:00,Monday,Mike,Card,Takeaway,Completed,73.95,49.3,24.65
100,R000100,2024-10-07 09:46:00,2024-10-07,09:46:00,Monday,Sarah,Card,Dine In,Completed,9.5,5.08,4.42
101,R000101,2024-10-07 10:38:00,2024-10-07,10:38:00,Monday,Tom,Card,Takeaway,Completed,5.5,1.08,4.42
102,R000102,2024-10-07 10:45:00,2024-10-07,10:45:00,Monday,Sarah,Card,Takeaway,Completed,17.5,11.97,5.53
103,R000103,2024-10-07 11:33:00,2024-10-07,11:33:00,Monday,Tom,Cash,Takeaway,Completed,16.5,11.73,4.77
104,R000104,2024-10-07 12:53:00,2024-10-07,12:53:00,Monday,Mike,Card,Dine In,Completed,50.82,33.88,16.94
105,R000105,2024-10-07 14:30:00,2024-10-07,14:30:00,Monday,Sarah,Card,Dine In,Completed,62.94,41.96,20.98
106,R000106,2024-10-07 14:44:00,2024-10-07,14:44:00,Monday,Lisa,Card,Dine In,Completed,14.85,9.9,4.95
107,R000107,2024-10-07 14:50:00,2024-10-07,14:50:00,Monday,Emma,Cash,Dine In,Completed,61.5,41.0,20.5
108,R000108,2024-10-08 08:01:00,2024-10-08,08:01:00,Tuesday,Tom,Card,Dine In,Completed,16.5,11.25,5.25
109,R000109,2024-10-08 09:21:00,2024-10-08,09:21:00,Tuesday,Emma,Card,Dine In,Completed,17.28,11.52,5.76
110,R000110,2024-10-08 09:50:00,2024-10-08,09:50:00,Tuesday,Emma,Card,Dine In,Completed,12.0,10.32,1.68
111,R000111,2024-10-08 10:28:00,2024-10-08,10:28:00,Tuesday,Sarah,Cash,Dine In,Completed,30.0,23.31,6.69
112,R000112,2024-10-08 10:42:00,2024-10-08,10:42:00,Tuesday,Emma,Card,Dine In,Completed,9.5,5.08,4.42
113,R000113,2024-10-08 11:12:00,2024-10-08,11:12:00,Tuesday,Lisa,Card,Dine In,Completed,14.5,3.5,11.0
114,R000114,2024-10-08 11:51:00,2024-10-08,11:51:00,Tuesday,Emma,Card,Dine In,Completed,21.0,15.0,6.0
115,R000115,2024-10-08 11:58:00,2024-10-08,11:58:00,Tuesday,Sarah,Card,Takeaway,Completed,18.5,11.62,6.88
116,R000116,2024-10-08 12:17:00,2024-10-08,12:17:00,Tuesday,Lisa,Card,Takeaway,Completed,9.0,2.1,6.9
117,R000117,2024-10-08 12:44:00,2024-10-08,12:44:00,Tuesday,Mike,Card,Dine In,Completed,29.06,19.37,9.69
118,R000118,2024-10-09 07:54:00,2024-10-09,07:54:00,Wednesday,Emma,Card,Takeaway,Completed,4.5,0.91,3.59
119,R000119,2024-10-09 08:03:00,2024-10-09,08:03:00,Wednesday,Sarah,Card,Dine In,Completed,26.0,16.33,9.67
120,R000120,2024-10-09 08:13:00,2024-10-09,08:13:00,Wednesday,Mike,Mobile,Takeaway,Completed,30.12,20.08,10.04
121,R000121,2024-10-09 08:24:00,2024-10-09,08:24:00,Wednesday,Mike,Cash,Dine In,Completed,9.5,5.08,4.42
122,R000122,2024-10-09 09:04:00,2024-10-09,09:04:00,Wednesday,Tom,Card,Takeaway,Completed,4.5,0.71,3.79
123,R000123,2024-10-09 10:07:00,2024-10-09,10:07:00,Wednesday,Lisa,Mobile,Takeaway,Completed,33.16,22.11,11.05
124,R000124,2024-10-09 11:42:00,2024-10-09,11:42:00,Wednesday,Emma,Card,Takeaway,Completed,44.54,29.69,14.85
125,R000125,2024-10-09 11:51:00,2024-10-09,11:51:00,Wednesday,Sarah,Card,Takeaway,Completed,16.93,11.29,5.64
126,R000126,2024-10-09 13:26:00,2024-10-09,13:26:00,Wednesday,Tom,Card,Dine In,Completed,18.5,11.62,6.88
127,R000127,2024-10-09 14:05:00,2024-10-09,14:05:00,Wednesday,Lisa,Card,Dine In,Completed,9.0,2.1,6.9
128,R000128,2024-10-09 14:13:00,2024-10-09,14:13:00,Wednesday,Tom,Card,Takeaway,Completed,12.5,11.08,1.42
129,R000129,2024-10-10 09:08:00,2024-10-10,09:08:00,Thursday,Lisa,Card,Dine In,Completed,32.5,25.54,6.96
130,R000130,2024-10-10 09:17:00,2024-10-10,09:17:00,Thursday,Lisa,Card,Takeaway,Completed,27.5,15.16,12.34
131,R000131,2024-10-10 09:24:00,2024-10-10,09:24:00,Thursday,Emma,Card,Dine In,Completed,26.5,5.35,21.15
132,R000132,2024-10-10 10:29:00,2024-10-10,10:29:00,Thursday,Lisa,Mobile,Dine In,Completed,10.5,2.03,8.47
133,R000133,2024-10-10 10:42:00,2024-10-10,10:42:00,Thursday,Tom,Cash,Dine In,Completed,3.5,0.25,3.25
134,R000134,2024-10-10 11:09:00,2024-10-10,11:09:00,Thursday,Lisa,Card,Dine In,Completed,4.0,0.25,3.75
135,R000135,2024-10-10 12:20:00,2024-10-10,12:20:00,Thursday,Emma,Mobile,Takeaway,Completed,33.0,32.8,0.2
136,R000136,2024-10-10 13:21:00,2024-10-10,13:21:00,Thursday,Emma,Mobile,Dine In,Completed,18.0,15.71,2.29
137,R000137,2024-10-10 14:50:00,2024-10-10,14:50:00,Thursday,Tom,Mobile,Dine In,Completed,15.5,12.19,3.31
138,R000138,2024-10-10 14:53:00,2024-10-10,14:53:00,Thursday,Mike,Card,Dine In,Completed,29.73,19.82,9.91
139,R000139,2024-10-10 14:56:00,2024-10-10,14:56:00,Thursday,Mike,Cash,Dine In,Completed,64.59,43.06,21.53
140,R000140,2024-10-11 08:18:00,2024-10-11,08:18:00,Friday,Lisa,Card,Takeaway,Completed,12.5,3.63,8.87
141,R000141,2024-10-11 09:40:00,2024-10-11,09:40:00,Friday,Sarah,Cash,Dine In,Completed,48.42,32.28,16.14
142,R000142,2024-10-11 09:45:00,2024-10-11,09:45:00,Friday,Lisa,Mobile,Dine In,Completed,9.0,1.9,7.1
143,R000143,2024-10-11 09:53:00,2024-10-11,09:53:00,Friday,Tom,Card,Dine In,Completed,15.5,11.53,3.97
144,R000144,2024-10-11 11:29:00,2024-10-11,11:29:00,Friday,Tom,Cash,Takeaway,Completed,5.0,1.62,3.38
145,R000145,2024-10-11 12:19:00,2024-10-11,12:19:00,Friday,Tom,Cash,Dine In,Completed,15.5,10.57,4.93
146,R000146,2024-10-11 12:53:00,2024-10-11,12:53:00,Friday,Tom,Cash,Takeaway,Completed,45.87,30.58,15.29
147,R000147,2024-10-12 07:59:00,2024-10-12,07:59:00,Saturday,Tom,Card,Takeaway,Completed,16.92,11.28,5.64
148,R000148,2024-10-12 08:00:00,2024-10-12,08:00:00,Saturday,Emma,Card,Dine In,Completed,11.5,11.28,0.22
149,R000149,2024-10-12 08:19:00,2024-10-12,08:19:00,Saturday,Mike,Card,Dine In,Completed,12.5,1.87,10.63
150,R000150,2024-10-12 08:33:00,2024-10-12,08:33:00,Saturday,Tom,Cash,Dine In,Completed,150.46,100.31,50.15
151,R000151,2024-10-12 09:05:00,2024-10-12,09:05:00,Saturday,Sarah,Card,Dine In,Completed,87.03,58.02,29.01
152,R000152,2024-10-12 09:39:00,2024-10-12,09:39:00,Saturday,Sarah,Card,Takeaway,Completed,9.5,1.16,8.34
153,R000153,2024-10-12 09:44:00,2024-10-12,09:44:00,Saturday,Sarah,Card,Takeaway,Completed,114.16,76.11,38.05
154,R000154,2024-10-12 10:13:00,2024-10-12,10:13:00,Saturday,Sarah,Card,Dine In,Completed,16.5,11.73,4.77
155,R000155,2024-10-12 10:24:00,2024-10-12,10:24:00,Saturday,Emma,Cash,Dine In,Completed,13.5,11.82,1.68
156,R000156,2024-10-12 10:38:00,2024-10-12,10:38:00,Saturday,Sarah,Cash,Dine In,Completed,15.52,10.35,5.17
157,R000157,2024-10-12 10:47:00,2024-10-12,10:47:00,Saturday,Tom,Card,Takeaway,Completed,93.51,62.34,31.17
158,R000158,2024-10-12 10:48:00,2024-10-12,10:48:00,Saturday,Lisa,Mobile,Dine In,Completed,15.57,10.38,5.19
159,R000159,2024-10-12 11:07:00,2024-10-12,11:07:00,Saturday,Sarah,Card,Dine In,Completed,4.5,0.86,3.64
160,R000160,2024-10-12 11:24:00,2024-10-12,11:24:00,Saturday,Emma,Card,Takeaway,Completed,5.0,0.45,4.55
161,R000161,2024-10-12 11:24:00,2024-10-12,11:24:00,Saturday,Emma,Cash,Takeaway,Completed,13.5,12.99,0.51
162,R000162,2024-10-12 11:32:00,2024-10-12,11:32:00,Saturday,Sarah,Card,Dine In,Completed,62.55,41.7,20.85
163,R000163,2024-10-12 12:38:00,2024-10-12,12:38:00,Saturday,Lisa,Card,Takeaway,Completed,17.5,5.25,12.25
164,R000164,2024-10-12 13:02:00,2024-10-12,13:02:00,Saturday,Sarah,Cash,Takeaway,Completed,8.0,1.18,6.82
165,R000165,2024-10-12 13:06:00,2024-10-12,13:06:00,Saturday,Emma,Card,Dine In,Completed,11.0,2.17,8.83
166,R000166,2024-10-12 13:37:00,2024-10-12,13:37:00,Saturday,Mike,Card,Dine In,Completed,4.5,0.71,3.79
167,R000167,2024-10-12 14:25:00,2024-10-12,14:25:00,Saturday,Tom,Card,Dine In,Completed,140.67,93.78,46.89
168,R000168,2024-10-12 14:36:00,2024-10-12,14:36:00,Saturday,Emma,Card,Dine In,Completed,32.43,21.62,10.81
169,R000169,2024-10-12 15:40:00,2024-10-12,15:40:00,Saturday,Sarah,Card,Takeaway,Completed,8.5,1.44,7.06
170,R000170,2024-10-12 15:59:00,2024-10-12,15:59:00,Saturday,Tom,Card,Takeaway,Completed,44.62,29.75,14.87
171,R000171,2024-10-13 08:29:00,2024-10-13,08:29:00,Sunday,Sarah,Cash,Dine In,Completed,31.01,20.67,10.34
172,R000172,2024-10-13 08:44:00,2024-10-13,08:44:00,Sunday,Sarah,Cash,Dine In,Completed,37.94,25.29,12.65
173,R000173,2024-10-13 09:29:00,2024-10-13,09:29:00,Sunday,Mike,Cash,Dine In,Completed,4.0,0.25,3.75
174,R000174,2024-10-13 09:37:00,2024-10-13,09:37:00,Sunday,Tom,Cash,Dine In,Completed,30.42,20.28,10.14
175,R000175,2024-10-13 09:44:00,2024-10-13,09:44:00,Sunday,Tom,Card,Takeaway,Completed,60.12,40.08,20.04
176,R000176,2024-10-13 09:48:00,2024-10-13,09:48:00,Sunday,Mike,Card,Dine In,Completed,32.1,21.4,10.7
177,R000177,2024-10-13 09:52:00,2024-10-13,09:52:00,Sunday,Emma,Card,Dine In,Completed,12.5,3.63,8.87
178,R000178,2024-10-13 09:59:00,2024-10-13,09:59:00,Sunday,Sarah,Card,Dine In,Completed,35.5,18.5,17.0
179,R000179,2024-10-13 09:59:00,2024-10-13,09:59:00,Sunday,Lisa,Card,Takeaway,Completed,35.56,23.71,11.85
180,R000180,2024-10-13 10:43:00,2024-10-13,10:43:00,Sunday,Sarah,Card,Dine In,Completed,13.0,12.08,0.92
181,R000181,2024-10-13 11:36:00,2024-10-13,11:36:00,Sunday,Sarah,Card,Takeaway,Completed,47.01,31.34,15.67
182,R000182,2024-10-13 11:46:00,2024-10-13,11:46:00,Sunday,Emma,Cash,Dine In,Completed,14.5,2.09,12.41
183,R000183,2024-10-13 11:51:00,2024-10-13,11:51:00,Sunday,Sarah,Mobile,Takeaway,Completed,12.0,10.32,1.68
184,R000184,2024-10-13 13:45:00,2024-10-13,13:45:00,Sunday,Mike,Card,Takeaway,Completed,9.5,2.81,6.69
185,R000185,2024-10-13 14:39:00,2024-10-13,14:39:00,Sunday,Mike,Card,Dine In,Completed,76.8,51.2,25.6
186,R000186,2024-10-14 07:34:00,2024-10-14,07:34:00,Monday,Tom,Card,Dine In,Completed,17.0,4.56,12.44
187,R000187,2024-10-14 08:40:00,2024-10-14,08:40:00,Monday,Lisa,Mobile,Takeaway,Completed,16.0,12.21,3.79
188,R000188,2024-10-14 09:08:00,2024-10-14,09:08:00,Monday,Sarah,Mobile,Takeaway,Completed,5.0,0.95,4.05
189,R000189,2024-10-14 09:09:00,2024-10-14,09:09:00,Monday,Sarah,Card,Dine In,Completed,24.5,13.02,11.48
190,R000190,2024-10-14 09:14:00,2024-10-14,09:14:00,Monday,Emma,Card,Dine In,Completed,113.79,75.86,37.93
191,R000191,2024-10-14 09:37:00,2024-10-14,09:37:00,Monday,Mike,Card,Takeaway,Completed,44.58,29.72,14.86
192,R000192,2024-10-14 09:58:00,2024-10-14,09:58:00,Monday,Lisa,Card,Dine In,Completed,9.0,1.84,7.16
193,R000193,2024-10-14 10:28:00,2024-10-14,10:28:00,Monday,Tom,Card,Dine In,Completed,32.74,21.83,10.91
194,R000194,2024-10-14 11:36:00,2024-10-14,11:36:00,Monday,Mike,Card,Takeaway,Completed,14.85,9.9,4.95
195,R000195,2024-10-14 13:12:00,2024-10-14,13:12:00,Monday,Tom,Mobile,Dine In,Completed,24.5,13.95,10.55
196,R000196,2024-10-14 14:10:00,2024-10-14,14:10:00,Monday,Emma,Card,Dine In,Completed,27.5,14.04,13.46
197,R000197,2024-10-15 08:11:00,2024-10-15,08:11:00,Tuesday,Emma,Card,Dine In,Completed,19.5,10.82,8.68
198,R000198,2024-10-15 09:35:00,2024-10-15,09:35:00,Tuesday,Sarah,Cash,Dine In,Completed,12.0,10.32,1.68
199,R000199,2024-10-15 09:42:00,2024-10-15,09:42:00,Tuesday,Lisa,Mobile,Dine In,Completed,24.0,3.99,20.01
200,R000200,2024-10-15 09:53:00,2024-10-15,09:53:00,Tuesday,Tom,Mobile,Takeaway,Completed,16.5,11.25,5.25
201,R000201,2024-10-15 09:59:00,2024-10-15,09:59:00,Tuesday,Mike,Card,Dine In,Completed,17.5,4.58,12.92
202,R000202,2024-10-15 10:15:00,2024-10-15,10:15:00,Tuesday,Emma,Card,Dine In,Completed,17.5,12.78,4.72
203,R000203,2024-10-15 10:15:00,2024-10-15,10:15:00,Tuesday,Sarah,Card,Dine In,Completed,14.0,1.72,12.28
204,R000204,2024-10-15 10:28:00,2024-10-15,10:28:00,Tuesday,Sarah,Card,Dine In,Completed,5.5,1.08,4.42
205,R000205,2024-10-15 10:35:00,2024-10-15,10:35:00,Tuesday,Tom,Card,Takeaway,Completed,18.5,2.58,15.92
206,R000206,2024-10-15 10:48:00,2024-10-15,10:48:00,Tuesday,Emma,Card,Dine In,Completed,4.5,0.91,3.59
207,R000207,2024-10-15 10:58:00,2024-10-15,10:58:00,Tuesday,Lisa,Card,Dine In,Completed,22.0,14.92,7.08
208,R000208,2024-10-15 12:32:00,2024-10-15,12:32:00,Tuesday,Emma,Card,Takeaway,Completed,30.67,20.45,10.22
209,R000209,2024-10-15 14:38:00,2024-10-15,14:38:00,Tuesday,Tom,Card,Dine In,Completed,47.24,31.49,15.75
210,R000210,2024-10-16 07:25:00,2024-10-16,07:25:00,Wednesday,Tom,Card,Dine In,Completed,15.52,10.35,5.17
211,R000211,2024-10-16 08:00:00,2024-10-16,08:00:00,Wednesday,Emma,Card,Dine In,Completed,4.0,0.25,3.75
212,R000212,2024-10-16 08:27:00,2024-10-16,08:27:00,Wednesday,Tom,Card,Dine In,Completed,38.61,25.74,12.87
213,R000213,2024-10-16 08:41:00,2024-10-16,08:41:00,Wednesday,Emma,Card,Dine In,Completed,33.33,22.22,11.11
214,R000214,2024-10-16 09:01:00,2024-10-16,09:01:00,Wednesday,Mike,Card,Dine In,Completed,59.62,39.75,19.87
215,R000215,2024-10-16 09:08:00,2024-10-16,09:08:00,Wednesday,Emma,Card,Takeaway,Completed,16.0,2.62,13.38
216,R000216,2024-10-16 09:37:00,2024-10-16,09:37:00,Wednesday,Emma,Card,Dine In,Completed,9.5,5.08,4.42
217,R000217,2024-10-16 10:03:00,2024-10-16,10:03:00,Wednesday,Tom,Card,Dine In,Completed,58.26,38.84,19.42
218,R000218,2024-10-16 10:10:00,2024-10-16,10:10:00,Wednesday,Tom,Card,Takeaway,Completed,15.0,12.43,2.57
219,R000219,2024-10-16 10:27:00,2024-10-16,10:27:00,Wednesday,Sarah,Card,Dine In,Completed,4.5,0.71,3.79
220,R000220,2024-10-16 12:10:00,2024-10-16,12:10:00,Wednesday,Sarah,Mobile,Takeaway,Completed,62.55,41.7,20.85
221,R000221,2024-10-16 12:38:00,2024-10-16,12:38:00,Wednesday,Mike,Card,Dine In,Completed,31.48,20.99,10.49
222,R000222,2024-10-16 12:44:00,2024-10-16,12:44:00,Wednesday,Sarah,Card,Dine In,Completed,13.5,5.33,8.17
223,R000223,2024-10-16 12:49:00,2024-10-16,12:49:00,Wednesday,Emma,Mobile,Takeaway,Completed,77.4,51.6,25.8
224,R000224,2024-10-16 13:19:00,2024-10-16,13:19:00,Wednesday,Tom,Card,Dine In,Completed,12.0,10.32,1.68
225,R000225,2024-10-16 13:29:00,2024-10-16,13:29:00,Wednesday,Sarah,Cash,Dine In,Completed,4.5,0.71,3.79
226,R000226,2024-10-16 13:57:00,2024-10-16,13:57:00,Wednesday,Sarah,Card,Dine In,Completed,72.38,48.25,24.13
227,R000227,2024-10-16 15:44:00,2024-10-16,15:44:00,Wednesday,Mike,Card,Dine In,Completed,22.47,14.98,7.49
228,R000228,2024-10-17 09:00:00,2024-10-17,09:00:00,Thursday,Mike,Card,Takeaway,Completed,13.0,12.28,0.72
229,R000229,2024-10-17 09:38:00,2024-10-17,09:38:00,Thursday,Emma,Cash,Dine In,Completed,33.97,22.65,11.32
230,R000230,2024-10-17 10:50:00,2024-10-17,10:50:00,Thursday,Tom,Card,Dine In,Completed,16.5,3.88,12.62
231,R000231,2024-10-17 10:58:00,2024-10-17,10:58:00,Thursday,Mike,Mobile,Dine In,Completed,46.5,35.48,11.02
232,R000232,2024-10-17 11:01:00,2024-10-17,11:01:00,Thursday,Sarah,Card,Takeaway,Completed,18.5,13.44,5.06
233,R000233,2024-10-17 11:20:00,2024-10-17,11:20:00,Thursday,Tom,Cash,Dine In,Completed,14.5,6.7,7.8
234,R000234,2024-10-17 11:24:00,2024-10-17,11:24:00,Thursday,Tom,Card,Takeaway,Completed,13.0,12.08,0.92
235,R000235,2024-10-17 11:37:00,2024-10-17,11:37:00,Thursday,Sarah,Cash,Dine In,Completed,14.85,9.9,4.95
236,R000236,2024-10-17 12:03:00,2024-10-17,12:03:00,Thursday,Mike,Card,Takeaway,Completed,31.94,21.29,10.65
237,R000237,2024-10-17 14:20:00,2024-10-17,14:20:00,Thursday,Sarah,Card,Takeaway,Completed,15.0,11.95,3.05
238,R000238,2024-10-17 15:48:00,2024-10-17,15:48:00,Thursday,Tom,Card,Takeaway,Completed,62.34,41.56,20.78
239,R000239,2024-10-18 08:08:00,2024-10-18,08:08:00,Friday,Lisa,Card,Takeaway,Completed,62.55,41.7,20.85
240,R000240,2024-10-18 09:02:00,2024-10-18,09:02:00,Friday,Lisa,Card,Dine In,Completed,15.5,12.86,2.64
241,R000241,2024-10-18 09:48:00,2024-10-18,09:48:00,Friday,Emma,Card,Dine In,Completed,56.9,37.93,18.97
242,R000242,2024-10-18 11:25:00,2024-10-18,11:25:00,Friday,Sarah,Card,Dine In,Completed,62.55,41.7,20.85
243,R000243,2024-10-18 13:14:00,2024-10-18,13:14:00,Friday,Sarah,Card,Dine In,Completed,21.0,13.81,7.19
244,R000244,2024-10-18 15:45:00,2024-10-18,15:45:00,Friday,Emma,Cash,Dine In,Completed,15.0,12.43,2.57
245,R000245,2024-10-19 07:01:00,2024-10-19,07:01:00,Saturday,Emma,Mobile,Dine In,Completed,31.1,20.73,10.37
246,R000246,2024-10-19 08:04:00,2024-10-19,08:04:00,Saturday,Emma,Card,Dine In,Completed,4.5,0.91,3.59
247,R000247,2024-10-19 08:43:00,2024-10-19,08:43:00,Saturday,Tom,Cash,Dine In,Completed,29.06,19.37,9.69
248,R000248,2024-10-19 08:47:00,2024-10-19,08:47:00,Saturday,Sarah,Cash,Takeaway,Completed,64.17,42.78,21.39
249,R000249,2024-10-19 09:18:00,2024-10-19,09:18:00,Saturday,Tom,Card,Dine In,Completed,4.0,0.25,3.75
250,R000250,2024-10-19 09:20:00,2024-10-19,09:20:00,Saturday,Emma,Card,Takeaway,Completed,9.5,1.16,8.34
251,R000251,2024-10-19 09:42:00,2024-10-19,09:42:00,Saturday,Sarah,Card,Takeaway,Completed,8.5,0.96,7.54
252,R000252,2024-10-19 09:49:00,2024-10-19,09:49:00,Saturday,Tom,Card,Takeaway,Completed,5.0,1.62,3.38
253,R000253,2024-10-19 09:51:00,2024-10-19,09:51:00,Saturday,Tom,Card,Takeaway,Completed,91.22,60.81,30.41
254,R000254,2024-10-19 09:54:00,2024-10-19,09:54:00,Saturday,Emma,Card,Takeaway,Completed,9.5,2.55,6.95
255,R000255,2024-10-19 10:16:00,2024-10-19,10:16:00,Saturday,Sarah,Cash,Takeaway,Completed,9.5,1.66,7.84
256,R000256,2024-10-19 10:42:00,2024-10-19,10:42:00,Saturday,Emma,Cash,Takeaway,Completed,73.53,49.02,24.51
257,R000257,2024-10-19 11:05:00,2024-10-19,11:05:00,Saturday,Sarah,Card,Dine In,Completed,9.0,1.41,7.59
258,R000258,2024-10-19 12:14:00,2024-10-19,12:14:00,Saturday,Lisa,Card,Dine In,Completed,15.23,10.15,5.08
259,R000259,2024-10-19 12:57:00,2024-10-19,12:57:00,Saturday,Mike,Card,Dine In,Completed,57.27,38.18,19.09
260,R000260,2024-10-19 14:31:00,2024-10-19,14:31:00,Saturday,Mike,Card,Dine In,Completed,4.0,0.25,3.75
261,R000261,2024-10-19 14:32:00,2024-10-19,14:32:00,Saturday,Mike,Card,Takeaway,Completed,23.0,4.1,18.9
262,R000262,2024-10-19 15:06:00,2024-10-19,15:06:00,Saturday,Emma,Cash,Takeaway,Completed,13.0,12.28,0.72
263,R000263,2024-10-19 15:10:00,2024-10-19,15:10:00,Saturday,Lisa,Card,Takeaway,Completed,19.0,12.1,6.9
264,R000264,2024-10-19 15:53:00,2024-10-19,15:53:00,Saturday,Sarah,Cash,Dine In,Completed,12.5,3.63,8.87
265,R000265,2024-10-20 08:09:00,2024-10-20,08:09:00,Sunday,Tom,Mobile,Takeaway,Completed,73.71,49.14,24.57
266,R000266,2024-10-20 08:56:00,2024-10-20,08:56:00,Sunday,Sarah,Card,Takeaway,Completed,50.78,33.85,16.93
267,R000267,2024-10-20 09:32:00,2024-10-20,09:32:00,Sunday,Tom,Cash,Takeaway,Completed,17.0,4.34,12.66
268,R000268,2024-10-20 09:49:00,2024-10-20,09:49:00,Sunday,Sarah,Card,Takeaway,Completed,23.5,21.6,1.9
269,R000269,2024-10-20 09:51:00,2024-10-20,09:51:00,Sunday,Lisa,Card,Takeaway,Completed,16.89,11.26,5.63
270,R000270,2024-10-20 10:35:00,2024-10-20,10:35:00,Sunday,Tom,Card,Dine In,Completed,3.5,0.25,3.25
271,R000271,2024-10-20 11:07:00,2024-10-20,11:07:00,Sunday,Emma,Cash,Takeaway,Completed,125.31,83.54,41.77
272,R000272,2024-10-20 11:28:00,2024-10-20,11:28:00,Sunday,Sarah,Card,Dine In,Completed,27.0,10.33,16.67
273,R000273,2024-10-20 11:30:00,2024-10-20,11:30:00,Sunday,Sarah,Cash,Dine In,Completed,13.0,12.3,0.7
274,R000274,2024-10-20 11:33:00,2024-10-20,11:33:00,Sunday,Tom,Mobile,Takeaway,Completed,81.22,54.15,27.07
275,R000275,2024-10-20 12:09:00,2024-10-20,12:09:00,Sunday,Emma,Card,Dine In,Completed,5.5,1.08,4.42
276,R000276,2024-10-20 12:11:00,2024-10-20,12:11:00,Sunday,Emma,Mobile,Takeaway,Completed,44.54,29.69,14.85
277,R000277,2024-10-20 12:15:00,2024-10-20,12:15:00,Sunday,Lisa,Card,Dine In,Completed,46.11,30.74,15.37
278,R000278,2024-10-20 13:36:00,2024-10-20,13:36:00,Sunday,Emma,Card,Takeaway,Completed,24.5,23.34,1.16
279,R000279,2024-10-20 13:36:00,2024-10-20,13:36:00,Sunday,Emma,Card,Dine In,Completed,30.32,20.21,10.11
280,R000280,2024-10-21 08:13:00,2024-10-21,08:13:00,Monday,Emma,Card,Takeaway,Completed,4.5,0.71,3.79
281,R000281,2024-10-21 08:42:00,2024-10-21,08:42:00,Monday,Mike,Cash,Takeaway,Completed,113.79,75.86,37.93
282,R000282,2024-10-21 09:43:00,2024-10-21,09:43:00,Monday,Lisa,Card,Dine In,Completed,8.5,1.87,6.63
283,R000283,2024-10-21 10:14:00,2024-10-21,10:14:00,Monday,Sarah,Card,Dine In,Completed,45.84,30.56,15.28
284,R000284,2024-10-21 10:19:00,2024-10-21,10:19:00,Monday,Tom,Mobile,Takeaway,Completed,22.0,14.94,7.06
285,R000285,2024-10-21 10:50:00,2024-10-21,10:50:00,Monday,Sarah,Card,Dine In,Completed,64.35,42.9,21.45
286,R000286,2024-10-21 13:54:00,2024-10-21,13:54:00,Monday,Lisa,Card,Dine In,Completed,14.0,3.39,10.61
287,R000287,2024-10-21 14:41:00,2024-10-21,14:41:00,Monday,Tom,Card,Dine In,Completed,29.73,19.82,9.91
288,R000288,2024-10-22 08:47:00,2024-10-22,08:47:00,Tuesday,Lisa,Cash,Dine In,Completed,30.0,24.35,5.65
289,R000289,2024-10-22 08:56:00,2024-10-22,08:56:00,Tuesday,Emma,Card,Takeaway,Completed,15.0,2.39,12.61
290,R000290,2024-10-22 08:59:00,2024-10-22,08:59:00,Tuesday,Tom,Cash,Takeaway,Completed,9.5,1.16,8.34
291,R000291,2024-10-22 09:03:00,2024-10-22,09:03:00,Tuesday,Emma,Cash,Dine In,Completed,5.5,1.08,4.42
292,R000292,2024-10-22 10:07:00,2024-10-22,10:07:00,Tuesday,Sarah,Card,Dine In,Completed,20.0,11.48,8.52
293,R000293,2024-10-22 10:45:00,2024-10-22,10:45:00,Tuesday,Sarah,Card,Takeaway,Completed,17.5,5.25,12.25
294,R000294,2024-10-22 11:22:00,2024-10-22,11:22:00,Tuesday,Tom,Card,Dine In,Completed,29.5,14.4,15.1
295,R000295,2024-10-22 12:12:00,2024-10-22,12:12:00,Tuesday,Tom,Card,Dine In,Completed,15.5,12.19,3.31
296,R000296,2024-10-22 14:16:00,2024-10-22,14:16:00,Tuesday,Lisa,Card,Takeaway,Completed,19.5,12.07,7.43
297,R000297,2024-10-22 14:28:00,2024-10-22,14:28:00,Tuesday,Lisa,Card,Takeaway,Completed,30.69,20.46,10.23
298,R000298,2024-10-22 14:36:00,2024-10-22,14:36:00,Tuesday,Emma,Card,Takeaway,Completed,9.5,1.36,8.14
299,R000299,2024-10-22 15:35:00,2024-10-22,15:35:00,Tuesday,Tom,Card,Takeaway,Completed,63.61,42.41,21.2
300,R000300,2024-10-23 08:42:00,2024-10-23,08:42:00,Wednesday,Sarah,Card,Dine In,Completed,16.24,10.83,5.41
301,R000301,2024-10-23 08:52:00,2024-10-23,08:52:00,Wednesday,Lisa,Card,Takeaway,Completed,29.06,19.37,9.69
302,R000302,2024-10-23 09:38:00,2024-10-23,09:38:00,Wednesday,Lisa,Card,Dine In,Completed,16.86,11.24,5.62
303,R000303,2024-10-23 09:41:00,2024-10-23,09:41:00,Wednesday,Sarah,Card,Dine In,Completed,15.57,10.38,5.19
304,R000304,2024-10-23 10:18:00,2024-10-23,10:18:00,Wednesday,Lisa,Card,Dine In,Completed,10.0,2.01,7.99
305,R000305,2024-10-23 10:28:00,2024-10-23,10:28:00,Wednesday,Emma,Card,Dine In,Completed,58.52,39.01,19.51
306,R000306,2024-10-23 11:44:00,2024-10-23,11:44:00,Wednesday,Tom,Card,Takeaway,Completed,10.0,1.94,8.06
307,R000307,2024-10-23 13:10:00,2024-10-23,13:10:00,Wednesday,Sarah,Cash,Dine In,Completed,5.0,1.62,3.38
308,R000308,2024-10-23 14:00:00,2024-10-23,14:00:00,Wednesday,Tom,Card,Dine In,Completed,9.5,5.08,4.42
309,R000309,2024-10-23 14:56:00,2024-10-23,14:56:00,Wednesday,Lisa,Mobile,Dine In,Completed,63.22,42.15,21.07
310,R000310,2024-10-24 08:26:00,2024-10-24,08:26:00,Thursday,Lisa,Card,Dine In,Completed,19.5,12.07,7.43
311,R000311,2024-10-24 09:03:00,2024-10-24,09:03:00,Thursday,Sarah,Card,Takeaway,Completed,46.29,30.86,15.43
312,R000312,2024-10-24 09:10:00,2024-10-24,09:10:00,Thursday,Emma,Cash,Dine In,Completed,31.38,20.92,10.46
313,R000313,2024-10-24 09:47:00,2024-10-24,09:47:00,Thursday,Mike,Card,Takeaway,Completed,4.5,1.19,3.31
314,R000314,2024-10-24 10:46:00,2024-10-24,10:46:00,Thursday,Sarah,Card,Dine In,Completed,47.18,31.45,15.73
315,R000315,2024-10-24 11:19:00,2024-10-24,11:19:00,Thursday,Mike,Card,Dine In,Completed,17.06,11.37,5.69
316,R000316,2024-10-24 11:42:00,2024-10-24,11:42:00,Thursday,Mike,Card,Takeaway,Completed,26.5,5.35,21.15
317,R000317,2024-10-24 11:47:00,2024-10-24,11:47:00,Thursday,Emma,Card,Dine In,Completed,24.5,12.96,11.54
318,R000318,2024-10-24 12:24:00,2024-10-24,12:24:00,Thursday,Mike,Card,Takeaway,Completed,16.95,11.3,5.65
319,R000319,2024-10-24 12:42:00,2024-10-24,12:42:00,Thursday,Mike,Cash,Dine In,Completed,62.55,41.7,20.85
320,R000320,2024-10-24 14:14:00,2024-10-24,14:14:00,Thursday,Emma,Card,Dine In,Completed,50.0,26.61,23.39
321,R000321,2024-10-24 14:15:00,2024-10-24,14:15:00,Thursday,Mike,Card,Takeaway,Completed,7.0,0.5,6.5
322,R000322,2024-10-24 14:27:00,2024-10-24,14:27:00,Thursday,Mike,Card,Dine In,Completed,16.59,11.06,5.53
323,R000323,2024-10-24 15:50:00,2024-10-24,15:50:00,Thursday,Mike,Card,Dine In,Completed,67.78,45.19,22.59
324,R000324,2024-10-25 09:23:00,2024-10-25,09:23:00,Friday,Sarah,Card,Takeaway,Completed,16.5,11.18,5.32
325,R000325,2024-10-25 10:09:00,2024-10-25,10:09:00,Friday,Sarah,Card,Dine In,Completed,12.0,10.32,1.68
326,R000326,2024-10-25 11:06:00,2024-10-25,11:06:00,Friday,Sarah,Card,Takeaway,Completed,9.0,1.2,7.8
327,R000327,2024-10-25 11:18:00,2024-10-25,11:18:00,Friday,Emma,Card,Dine In,Completed,9.5,5.08,4.42
328,R000328,2024-10-25 11:38:00,2024-10-25,11:38:00,Friday,Lisa,Card,Takeaway,Completed,14.0,12.5,1.5
329,R000329,2024-10-25 11:56:00,2024-10-25,11:56:00,Friday,Mike,Card,Takeaway,Completed,26.5,5.92,20.58
330,R000330,2024-10-25 11:59:00,2024-10-25,11:59:00,Friday,Mike,Cash,Takeaway,Completed,176.34,117.56,58.78
331,R000331,2024-10-25 14:17:00,2024-10-25,14:17:00,Friday,Emma,Card,Takeaway,Completed,56.9,37.93,18.97
332,R000332,2024-10-25 15:15:00,2024-10-25,15:15:00,Friday,Mike,Card,Dine In,Completed,31.9,21.27,10.63
333,R000333,2024-10-26 07:22:00,2024-10-26,07:22:00,Saturday,Sarah,Mobile,Takeaway,Completed,15.0,2.24,12.76
334,R000334,2024-10-26 07:30:00,2024-10-26,07:30:00,Saturday,Lisa,Card,Dine In,Completed,4.5,0.93,3.57
335,R000335,2024-10-26 07:51:00,2024-10-26,07:51:00,Saturday,Tom,Mobile,Dine In,Completed,62.55,41.7,20.85
336,R000336,2024-10-26 08:40:00,2024-10-26,08:40:00,Saturday,Mike,Card,Dine In,Completed,29.71,19.81,9.9
337,R000337,2024-10-26 08:57:00,2024-10-26,08:57:00,Saturday,Sarah,Cash,Dine In,Completed,3.5,0.25,3.25
338,R000338,2024-10-26 09:06:00,2024-10-26,09:06:00,Saturday,Tom,Card,Dine In,Completed,16.96,11.31,5.65
339,R000339,2024-10-26 09:07:00,2024-10-26,09:07:00,Saturday,Lisa,Cash,Takeaway,Completed,17.5,14.01,3.49
340,R000340,2024-10-26 09:12:00,2024-10-26,09:12:00,Saturday,Tom,Card,Takeaway,Completed,25.5,22.77,2.73
341,R000341,2024-10-26 10:03:00,2024-10-26,10:03:00,Saturday,Sarah,Card,Takeaway,Completed,5.0,0.45,4.55
342,R000342,2024-10-26 10:03:00,2024-10-26,10:03:00,Saturday,Tom,Card,Dine In,Completed,14.5,6.7,7.8
343,R000343,2024-10-26 10:03:00,2024-10-26,10:03:00,Saturday,Emma,Card,Takeaway,Completed,23.0,3.77,19.23
344,R000344,2024-10-26 10:39:00,2024-10-26,10:39:00,Saturday,Tom,Cash,Dine In,Completed,45.88,30.59,15.29
345,R000345,2024-10-26 10:43:00,2024-10-26,10:43:00,Saturday,Mike,Cash,Dine In,Completed,14.5,6.7,7.8
346,R000346,2024-10-26 11:03:00,2024-10-26,11:03:00,Saturday,Mike,Card,Dine In,Completed,4.5,1.19,3.31
347,R000347,2024-10-26 12:29:00,2024-10-26,12:29:00,Saturday,Emma,Cash,Dine In,Completed,17.5,1.97,15.53
348,R000348,2024-10-26 12:43:00,2024-10-26,12:43:00,Saturday,Sarah,Card,Takeaway,Completed,4.5,0.86,3.64
349,R000349,2024-10-26 14:43:00,2024-10-26,14:43:00,Saturday,Mike,Card,Dine In,Completed,9.5,2.81,6.69
350,R000350,2024-10-26 14:53:00,2024-10-26,14:53:00,Saturday,Lisa,Card,Dine In,Completed,93.51,62.34,31.17
